{
    "metrics": {
        "vus_max": {
            "value": 20,
            "min": 20,
            "max": 20
        },
        "http_req_blocked": {
            "min": 0,
            "med": 0.001,
            "p(90)": 0.002,
            "p(95)": 0.003,
            "p(99)": 0.005,
            "max": 4.099,
            "avg": 0.0015251906388463353
        },
        "checks": {
            "passes": 212837,
            "fails": 0,
            "value": 1
        },
        "iterations": {
            "count": 212837,
            "rate": 3543.4322130897403
        },
        "http_reqs": {
            "count": 212837,
            "rate": 3543.4322130897403
        },
        "iteration_duration": {
            "p(99)": 22.237579759999974,
            "max": 259.178958,
            "avg": 5.638921969098381,
            "min": 1.019042,
            "med": 4.659916,
            "p(90)": 7.915950400000002,
            "p(95)": 10.332949799999994
        },
        "vus": {
            "value": 20,
            "min": 20,
            "max": 20
        },
        "data_received": {
            "count": 37672149,
            "rate": 627187.5017168841
        },
        "http_req_failed": {
            "passes": 0,
            "fails": 212837,
            "value": 0
        },
        "data_sent": {
            "rate": 294104.87368644844,
            "count": 17665471
        },
        "http_req_connecting": {
            "p(90)": 0,
            "p(95)": 0,
            "p(99)": 0,
            "max": 2.531,
            "avg": 0.00018625051095439235,
            "min": 0,
            "med": 0
        },
        "http_req_tls_handshaking": {
            "avg": 0,
            "min": 0,
            "med": 0,
            "p(90)": 0,
            "p(95)": 0,
            "p(99)": 0,
            "max": 0
        },
        "http_req_duration": {
            "avg": 5.602930336360803,
            "min": 1,
            "med": 4.629,
            "p(90)": 7.87,
            "p(95)": 10.27019999999999,
            "p(99)": 22.108919999999994,
            "max": 259.139
        },
        "http_req_duration{expected_response:true}": {
            "med": 4.629,
            "p(90)": 7.87,
            "p(95)": 10.27019999999999,
            "p(99)": 22.108919999999994,
            "max": 259.139,
            "avg": 5.602930336360803,
            "min": 1
        },
        "http_req_receiving": {
            "med": 0.009,
            "p(90)": 0.031,
            "p(95)": 0.039,
            "p(99)": 0.065,
            "max": 14.337,
            "avg": 0.01446435065332601,
            "min": 0.004
        },
        "http_req_sending": {
            "p(99)": 0.017,
            "max": 3.303,
            "avg": 0.003903395556217712,
            "min": 0.001,
            "med": 0.002,
            "p(90)": 0.008,
            "p(95)": 0.012
        },
        "http_req_waiting": {
            "med": 4.613,
            "p(90)": 7.848,
            "p(95)": 10.236199999999991,
            "p(99)": 22.050279999999994,
            "max": 259.124,
            "avg": 5.584562590151264,
            "min": 0.991
        }
    },
    "root_group": {
        "checks": {
            "status is 200": {
                "fails": 0,
                "name": "status is 200",
                "path": "::status is 200",
                "id": "6210a8cd14cd70477eba5c5e4cb3fb5f",
                "passes": 212837
            }
        },
        "name": "",
        "path": "",
        "id": "d41d8cd98f00b204e9800998ecf8427e",
        "groups": {}
    }
}