{
    "metrics": {
        "http_req_duration": {
            "p(95)": 22.85555,
            "p(99)": 91.82938,
            "max": 30002.533,
            "avg": 110.0490746268657,
            "min": 1.354,
            "med": 4.391,
            "p(90)": 14.878600000000002
        },
        "data_received": {
            "count": 2248077,
            "rate": 25694.640176491444
        },
        "http_reqs": {
            "count": 12730,
            "rate": 145.49891727317885
        },
        "http_req_receiving": {
            "avg": 0.04767242733699907,
            "min": 0,
            "med": 0.038,
            "p(90)": 0.078,
            "p(95)": 0.087,
            "p(99)": 0.139,
            "max": 1.531
        },
        "http_req_waiting": {
            "avg": 109.98882922230968,
            "min": 1.317,
            "med": 4.3345,
            "p(90)": 14.824200000000001,
            "p(95)": 22.788849999999986,
            "p(99)": 91.80751,
            "max": 30002.526
        },
        "checks": {
            "passes": 12701,
            "fails": 29,
            "value": 0.9977219167321288
        },
        "vus_max": {
            "value": 20,
            "min": 20,
            "max": 20
        },
        "http_req_duration{expected_response:true}": {
            "p(90)": 14.724,
            "p(95)": 22.365,
            "p(99)": 78.666,
            "max": 23686.844,
            "avg": 41.79886654594115,
            "min": 1.354,
            "med": 4.381
        },
        "http_req_failed": {
            "fails": 12701,
            "passes": 29,
            "value": 0.0022780832678711703
        },
        "iterations": {
            "rate": 145.49891727317885,
            "count": 12730
        },
        "vus": {
            "value": 1,
            "min": 1,
            "max": 20
        },
        "http_req_blocked": {
            "avg": 0.008742183817753154,
            "min": 0,
            "med": 0.004,
            "p(90)": 0.006,
            "p(95)": 0.006,
            "p(99)": 0.016,
            "max": 7.703
        },
        "http_req_tls_handshaking": {
            "p(90)": 0,
            "p(95)": 0,
            "p(99)": 0,
            "max": 0,
            "avg": 0,
            "min": 0,
            "med": 0
        },
        "iteration_duration": {
            "max": 30003.158291,
            "avg": 110.16954446708577,
            "min": 1.411042,
            "med": 4.5232915,
            "p(90)": 15.047041900000002,
            "p(95)": 22.965343749999995,
            "p(99)": 93.67835056999999
        },
        "http_req_sending": {
            "avg": 0.01257297721916714,
            "min": 0.001,
            "med": 0.011,
            "p(90)": 0.018,
            "p(95)": 0.02,
            "p(99)": 0.043,
            "max": 0.775
        },
        "http_req_connecting": {
            "max": 2.093,
            "avg": 0.003223487824037706,
            "min": 0,
            "med": 0,
            "p(90)": 0,
            "p(95)": 0,
            "p(99)": 0
        },
        "data_sent": {
            "rate": 12076.410133673844,
            "count": 1056590
        }
    },
    "root_group": {
        "groups": {},
        "checks": {
                "status is 200": {
                    "name": "status is 200",
                    "path": "::status is 200",
                    "id": "6210a8cd14cd70477eba5c5e4cb3fb5f",
                    "passes": 12701,
                    "fails": 29
                }
            },
        "name": "",
        "path": "",
        "id": "d41d8cd98f00b204e9800998ecf8427e"
    }
}